#,Open Time,Type,Lots,Symbol,Price,Stop/Loss,Take Profit,Close Time,Close Price,Profit,Comment,MagicNumber
80954195,2018.01.15 00:05,0,0.02,GBPUSD,1.37301,1.36743,1.48461,2018.01.15 03:39,1.37348,0.94,,20170909
80954198,2018.01.15 00:05,0,0.02,AUDUSD,0.791,0.78739,0.8632,2018.01.15 03:39,0.79259,3.18,,20170909
80954202,2018.01.15 00:05,1,0.02,USDJPY,111.076,111.585,100.896,2018.01.15 03:39,110.828,4.48,,20170909
80954214,2018.01.15 00:05,0,0.02,NZDUSD,0.72439,0.72071,0.79799,2018.01.15 03:39,0.72641,4.04,,20170909
80954255,2018.01.15 00:05,0,0.02,EURUSD,1.22001,1.21418,1.33661,2018.01.15 03:39,1.21914,-1.74,,20170909
80954377,2018.01.15 00:08,1,0.02,USDJPY,111.023,111.534,100.803,2018.01.15 03:39,110.821,3.65,bbMacd - short 0.02 on USDJPY,20180112
80955143,2018.01.15 01:05,0,0.02,GOLD,1336.64,1328.71,1493.14,2018.01.15 03:39,1337.61,1.94,IchimokuV1.0- long 0.02 on GOLD,20180113
80958929,2018.01.15 04:00,1,0.02,USDJPY,110.726,111.253,100.249,2018.01.15 08:11,110.75,-0.43,,20170909
80958932,2018.01.15 04:00,0,0.03,EURUSD,1.21991,1.21433,1.33172,2018.01.15 08:11,1.22195,6.12,,20170909
80958937,2018.01.15 04:00,0,0.02,AUDUSD,0.79348,0.78986,0.86588,2018.01.15 08:11,0.79511,3.26,,20170909
80958939,2018.01.15 04:00,1,0.02,USDCAD,1.24542,1.25108,1.13222,2018.01.15 08:11,1.24475,1.08,,20180113
80958941,2018.01.15 04:00,0,0.02,NZDUSD,0.72722,0.72346,0.80242,2018.01.15 08:11,0.72694,-0.56,,20170909
80958943,2018.01.15 04:00,0,0.02,GBPUSD,1.37419,1.36883,1.48349,2018.01.15 08:11,1.37546,2.54,,20170909
80959222,2018.01.15 04:10,0,0.02,NZDUSD,0.728,0.72416,0.80459,2018.01.15 08:11,0.72694,-2.12,bbMacd- long 0.02 on NZDUSD,20180112
80960335,2018.01.15 05:00,0,0.02,GOLD,1341.04,1333.19,1497.62,2018.01.15 08:11,1343.65,5.22,IchimokuV1.0- long 0.02 on GOLD,20180113
80964808,2018.01.15 08:11,0,0.02,EURUSD,1.2222,1.21633,1.33834,2018.01.15 08:11,1.22221,0.02,,20170909
80964811,2018.01.15 08:11,0,0.02,AUDUSD,0.79528,0.79149,0.87108,2018.01.15 16:26,0.79581,1.06,,20170909
80964813,2018.01.15 08:11,1,0.03,USDJPY,110.732,111.261,100.131,2018.01.15 12:47,110.62,3.04,,20170909
80964814,2018.01.15 08:11,1,0.02,USDCAD,1.24455,1.24997,1.13615,2018.01.15 12:47,1.24214,3.88,,20180113
80964817,2018.01.15 08:11,0,0.01,GBPUSD,1.37572,1.37018,1.48652,2018.01.15 12:35,1.38133,5.61,to #80973859,20170909
80964820,2018.01.15 08:11,0,0.03,NZDUSD,0.72718,0.72334,0.80398,2018.01.15 12:47,0.72895,5.31,,20170909
80964823,2018.01.15 08:11,0,0.03,NZDUSD,0.72716,0.72334,0.80398,2018.01.15 12:06,0.72894,5.34,bbMacd- long 0.03 on NZDUSD,20180112
80966139,2018.01.15 09:00,0,0.02,GOLD,1341.21,1333.42,1497.01,2018.01.15 09:13,1341.81,1.2,IchimokuV1.0- long 0.02 on GOLD,20180113
80971651,2018.01.15 12:00,0,0.02,EURUSD,1.22611,1.22009,1.34651,2018.01.15 12:47,1.22766,3.1,,20170909
80973859,2018.01.15 08:11,0,0.01,GBPUSD,1.37572,1.37018,1.48652,2018.01.15 12:47,1.38049,4.77,from #80964817,20170909
80974348,2018.01.15 12:47,0,0.02,GBPUSD,1.38073,1.37459,1.50353,2018.01.15 16:26,1.37965,-2.16,,20170909
80974356,2018.01.15 12:47,0,0.02,NZDUSD,0.72913,0.72528,0.80718,2018.01.15 16:26,0.72978,1.3,,20170909
80974364,2018.01.15 12:47,1,0.02,USDCAD,1.24194,1.24751,1.13054,2018.01.15 16:26,1.2429,-1.54,,20180113
80974365,2018.01.15 12:47,1,0.02,USDJPY,110.605,111.137,99.965,2018.01.15 16:26,110.587,0.33,,20170909
80974850,2018.01.15 13:00,0,0.02,GOLD,1343.41,1335.72,1497.21,2018.01.15 16:26,1341.39,-4.04,IchimokuV1.0- long 0.02 on GOLD,20180113
80979193,2018.01.15 16:00,0,0.02,EURUSD,1.22839,1.22228,1.35122,2018.01.15 16:26,1.22773,-1.32,,20170909
80979955,2018.01.15 16:26,0,0.03,GBPUSD,1.37988,1.37379,1.50168,2018.01.15 16:26,1.37968,-0.6,,20170909
80979956,2018.01.15 16:26,1,0.02,USDJPY,110.571,111.088,100.231,2018.01.15 16:26,110.584,-0.24,,20170909
80979960,2018.01.15 16:26,1,0.03,USDCAD,1.24271,1.24827,1.13109,2018.01.15 16:27,1.2429,-0.46,,20180113
80979961,2018.01.15 16:26,0,0.02,AUDUSD,0.796,0.79225,0.87079,2018.01.15 16:27,0.79586,-0.28,,20170909
80979962,2018.01.15 16:26,0,0.02,NZDUSD,0.73007,0.72618,0.80745,2018.01.15 16:27,0.72986,-0.42,,20170909
80987802,2018.01.16 03:34,6,0.01,,0,0,0,2018.01.16 03:34,0,-342,CW-PAY-UP 1898238p,0
80990605,2018.01.16 06:07,6,0.01,,0,0,0,2018.01.16 06:07,0,355.58,CD-PAY-UP 14159088,0
80990606,2018.01.16 06:07,6,0.01,,0,0,0,2018.01.16 06:07,0,5.42,EXP05-PAY-UP 14159088,0
80992798,2018.01.16 08:39,0,0.03,NZDUSD,0.72918,0.72542,0.80438,2018.01.16 14:37,0.72706,-6.36,IchimokuV1.0- long on NZDUSD,20170909
80993750,2018.01.16 09:08,0,0.02,GOLD,1339.75,1332.54,1483.74,2018.01.16 12:38,1332.46,-14.58,IchimokuV1.0- long on GOLD[sl],20170909
80994258,2018.01.16 09:11,1,0.02,USDCHF,0.96514,0.96954,0.87861,2018.01.16 14:37,0.96449,1.35,IchimokuV1.0- short on USDCHF,20170909
81000521,2018.01.16 12:00,0,0.04,GBPUSD,1.37668,1.37085,1.49328,2018.01.16 14:37,1.37552,-4.64,IchimokuV1.0- long on GBPUSD,20170909
81000531,2018.01.16 12:00,0,0.03,EURUSD,1.22339,1.21732,1.34479,2018.01.16 14:37,1.22316,-0.69,IchimokuV1.0- long on EURUSD,20170909
81000535,2018.01.16 12:00,0,0.03,AUDUSD,0.79533,0.79167,0.86853,2018.01.16 14:37,0.79464,-2.07,IchimokuV1.0- long on AUDUSD,20170909
81000588,2018.01.16 12:03,1,0.02,USDCAD,1.24317,1.24817,1.14275,2018.01.16 14:37,1.24367,-0.8,IchimokuV1.0- short on USDCAD,20170909
81009807,2018.01.16 18:05,1,0.02,USDCAD,1.24019,1.24543,1.13581,2018.01.17 07:16,1.24544,-8.43,bbMacd - short 0.02 on USDC[sl],20180112
81009808,2018.01.16 18:05,1,0.02,USDCAD,1.24019,1.24543,1.13581,2018.01.17 07:16,1.24544,-8.43,bbMacd - short 0.02 on USDC[sl],20180112
81015104,2018.01.17 00:00,0,0.04,EURUSD,1.22623,1.22008,1.34923,2018.01.17 14:35,1.22009,-24.56,IchimokuV1.0- long on EURUS[sl],20170909
81015108,2018.01.17 00:00,1,0.02,USDCHF,0.95898,0.96337,0.87118,2018.01.17 08:52,0.96345,-9.28,IchimokuV1.0- short on USDC[sl],20170909
81015110,2018.01.17 00:00,0,0.03,GBPUSD,1.37964,1.37419,1.48864,2018.01.18 03:34,1.38187,6.69,to #81055142,20170909
81015112,2018.01.17 00:00,1,0.03,USDJPY,110.437,110.916,100.752,2018.01.17 07:29,110.919,-13.04,IchimokuV1.0- short on USDJ[sl],20170909
81020575,2018.01.17 04:00,0,0.04,AUDUSD,0.79869,0.79508,0.87089,2018.01.17 06:58,0.79508,-14.44,IchimokuV1.0- long on AUDUS[sl],20170909
81022373,2018.01.17 05:00,0,0.03,GOLD,1339.98,1332.7,1485.16,2018.01.17 18:38,1331.39,-25.77,IchimokuV1.0- long on GOLD[sl],20170909
81031698,2018.01.17 11:12,0,0.03,GBPUSD,1.37804,0,0,2018.01.17 12:47,1.37963,4.77,,0
81031706,2018.01.17 11:12,0,0.03,EURUSD,1.22247,0,0,2018.01.17 12:47,1.22321,2.22,,0
81031708,2018.01.17 11:13,0,0.03,GOLD,1335.55,0,0,2018.01.17 12:47,1337.83,6.84,,0
81038798,2018.01.17 16:00,0,0.05,AUDUSD,0.79729,0.79363,0.87049,2018.01.18 15:51,0.79869,7,IchimokuV1.0- long on AUDUSD,20170909
81045815,2018.01.17 20:00,0,0.02,NZDUSD,0.73075,0.72716,0.80234,2018.01.17 23:54,0.72716,-7.18,IchimokuV1.0- long on NZDUS[sl],20170909
81051160,2018.01.18 00:00,1,0.02,USDCAD,1.24327,1.24967,1.12241,2018.01.18 15:51,1.24766,-7.04,IchimokuV1.0- short on USDCAD,20170909
81054710,2018.01.18 03:15,0,0.05,USDJPY,111.287,110.577,0,2018.01.18 06:51,111.343,2.51,,0
81054729,2018.01.18 03:16,1,0.05,EURUSD,1.21881,1.22304,0,2018.01.18 06:51,1.21961,-4,,0
81054783,2018.01.18 03:18,1,0.05,GOLD,1326.63,1332.28,0,2018.01.18 06:51,1327.05,-2.1,,0
81055142,2018.01.17 00:00,0,0.02,GBPUSD,1.37964,1.37419,1.48864,2018.01.18 03:52,1.38149,3.7,from #81015110,20170909
81058031,2018.01.18 06:51,0,0.05,GBPUSD,1.38209,0,0,2018.01.18 10:52,1.38335,6.3,,0
81060571,2018.01.18 08:58,0,0.05,GBPUSD,1.3845,0,0,2018.01.18 10:52,1.38336,-5.7,,0
81065422,2018.01.18 12:48,0,0.05,GBPUSD,1.3846,0,0,2018.01.18 14:36,1.38776,15.8,,0
81065424,2018.01.18 12:48,0,0.05,AUDUSD,0.79867,0,0,2018.01.18 14:36,0.79929,3.1,,0
81065426,2018.01.18 12:48,0,0.05,EURUSD,1.22246,0,0,2018.01.18 14:36,1.22475,11.45,,0
81066859,2018.01.18 13:27,0,0.05,GBPUSD,1.38756,0,0,2018.01.18 14:36,1.38777,1.05,,0
81066870,2018.01.18 13:27,0,0.05,AUDUSD,0.79939,0,0,2018.01.18 14:36,0.79929,-0.5,,0
81071389,2018.01.18 16:00,0,0.01,GBPUSD,1.38636,1.37993,1.51517,2018.01.23 06:05,1.39826,11.9,to #81140726,20170909
81071390,2018.01.18 16:00,0,0.02,NZDUSD,0.73104,0.72684,0.81504,2018.01.22 03:25,0.72681,-8.46,IchimokuV1.0- long on NZDUS[sl],20170909
81071391,2018.01.18 16:00,1,0.02,USDCHF,0.95941,0.96427,0.862,2018.01.19 20:00,0.96224,-5.88,IchimokuV1.0- short on USDCHF,20170909
81074468,2018.01.18 17:24,6,0.01,,0,0,0,2018.01.18 17:24,0,-70,Transfer to 4186291,0
81078911,2018.01.18 20:00,0,0.02,AUDUSD,0.79968,0.79537,0.88546,2018.01.23 12:00,0.79675,-5.86,IchimokuV1.0- long on AUDUSD,20170909
81084674,2018.01.19 04:00,1,0.03,USDCAD,1.24191,1.24824,1.11552,2018.01.19 20:00,1.24774,-14.02,IchimokuV1.0- short on USDCAD,20170909
81088688,2018.01.19 08:00,0,0.01,EURUSD,1.22612,1.21979,1.35314,2018.01.24 17:12,1.23925,13.13,to #81196270,20170909
81088691,2018.01.19 08:00,0,0.02,GBPUSD,1.39082,1.3845,1.51701,2018.01.19 17:57,1.38446,-12.72,bbMacd- long 0.02 on GBPUSD[sl],20180112
81095987,2018.01.19 12:00,1,0.02,USDJPY,110.629,111.102,101.169,2018.01.22 18:54,111.101,-8.5,IchimokuV1.0- short on USDJ[sl],20170909
81097048,2018.01.19 13:00,0,0.01,GOLD,1335.64,1327.41,1502.34,2018.01.24 11:30,1347.99,12.35,to #81181851,20170909
81107192,2018.01.19 20:00,1,0.02,CADJPY,88.64,89.1,79.398,2018.01.22 17:36,89.1,-8.3,bbMacd - short 0.02 on CADJ[sl],20180112
81126512,2018.01.22 16:00,0,0.01,NZDUSD,0.73165,0.72789,0.80622,2018.01.24 12:01,0.73889,7.24,to #81183522,20170909
81137883,2018.01.23 04:00,0,0.02,GBPJPY,155.325,154.66,168.625,2018.01.23 05:24,154.653,-12.15,bbMacd- long 0.02 on GBPJPY[sl],20180112
81137885,2018.01.23 04:00,0,0.01,NZDUSD,0.73426,0.73039,0.81166,2018.01.24 17:13,0.7421,7.84,to #81196286,20180112
81137889,2018.01.23 04:00,0,0.02,NZDJPY,81.511,81.142,88.807,2018.01.23 05:15,81.137,-6.75,bbMacd- long 0.02 on NZDJPY[sl],20180112
81137908,2018.01.23 04:00,1,0.02,USDCAD,1.24473,1.24975,1.14433,2018.01.23 16:00,1.24689,-3.46,IchimokuV1.0- short on USDCAD,20170909
81139066,2018.01.23 05:00,0,0.01,GOLD,1336.63,1329.59,1477.85,2018.01.24 12:01,1348.83,12.2,to #81183537,20180112
81140726,2018.01.18 16:00,0,0.01,GBPUSD,1.38636,1.37993,1.51517,2018.01.23 12:29,1.39382,7.46,from #81071389,20170909
81142087,2018.01.23 08:00,0,0.03,GBPUSD,1.39817,1.39228,1.51576,2018.01.23 14:04,1.39203,-18.42,bbMacd- long 0.03 on GBPUSD[sl],20180112
81155817,2018.01.23 16:00,1,0.01,USDJPY,110.365,110.818,101.326,2018.01.24 12:01,109.65,6.52,to #81183541,20170909
81163697,2018.01.23 20:00,1,0.01,USDJPY,110.409,110.409,101.509,2018.01.24 17:14,109.234,10.76,to #81196329,20180112
81163698,2018.01.23 20:00,1,0.03,CADJPY,88.592,89.005,80.332,2018.01.25 01:45,88.515,2.12,bbMacd - short 0.03 on CADJPY,20180112
81163699,2018.01.23 20:00,0,0.01,GBPUSD,1.39807,1.39159,1.52767,2018.01.24 11:36,1.41012,12.05,to #81182307,20170909
81163700,2018.01.23 20:00,1,0.01,USDCHF,0.95892,0.96316,0.87412,2018.01.24 14:56,0.95121,8.11,to #81189275,20170909
81165498,2018.01.24 00:00,0,0.01,EURUSD,1.23017,1.22502,1.33317,2018.01.24 17:36,1.23854,8.37,to #81197070,20180112
81165503,2018.01.24 00:00,1,0.01,USDCAD,1.24122,1.24661,1.13993,2018.01.24 12:02,1.23611,4.13,to #81183553,20170909
81174303,2018.01.24 08:00,0,0.02,AUDUSD,0.8018,0.79821,0.8736,2018.01.24 17:37,0.80769,11.78,to #81197144,20170909
81174304,2018.01.24 08:00,0,0.02,GBPUSD,1.40345,1.39738,1.52485,2018.01.24 11:36,1.4102,13.5,to #81182297,20180112
81181851,2018.01.19 13:00,0,0.01,GOLD,1335.64,1327.41,1502.34,2018.01.24 17:12,1354.31,18.67,from #81097048,20170909
81182297,2018.01.24 08:00,0,0.01,GBPUSD,1.40345,1.39738,1.52485,2018.01.24 17:14,1.42202,18.57,to #81196341,20180112
81182307,2018.01.23 20:00,0,0.01,GBPUSD,1.39807,1.39159,1.52767,2018.01.25 00:34,1.42429,26.22,from #81163699,20170909
81183522,2018.01.22 16:00,0,0.01,NZDUSD,0.73165,0.72789,0.80622,2018.01.24 14:55,0.74022,8.57,to #81189251,20170909
81183537,2018.01.23 05:00,0,0.01,GOLD,1336.63,1329.59,1477.85,2018.01.25 01:45,1356.61,19.98,from #81139066,20180112
81183541,2018.01.23 16:00,1,0.01,USDJPY,110.365,110.818,101.326,2018.01.24 17:13,109.226,10.43,to #81196309,20170909
81183553,2018.01.24 00:00,1,0.01,USDCAD,1.24122,1.24661,1.13993,2018.01.24 17:36,1.23482,5.18,to #81197074,20170909
81189251,2018.01.22 16:00,0,0.01,NZDUSD,0.73165,0.73165,0.80622,2018.01.25 01:44,0.73326,1.61,from #81183522,20170909
81189275,2018.01.23 20:00,1,0.01,USDCHF,0.95892,0.96316,0.87412,2018.01.25 00:35,0.94598,13.68,from #81163700,20170909
81192302,2018.01.24 16:00,0,0.02,AUDUSD,0.80648,0.80269,0.88228,2018.01.25 01:44,0.80477,-3.42,bbMacd- long 0.02 on AUDUSD,20180112
81196270,2018.01.19 08:00,0,0.01,EURUSD,1.22612,1.22612,1.35314,2018.01.25 00:34,1.24049,14.37,from #81088688,20170909
81196286,2018.01.23 04:00,0,0.01,NZDUSD,0.73426,0.73426,0.81166,2018.01.24 23:55,0.73427,0.01,from #81137885[sl],20180112
81196309,2018.01.23 16:00,1,0.01,USDJPY,110.365,110.365,101.326,2018.01.25 01:45,109.314,9.61,from #81183541,20170909
81196329,2018.01.23 20:00,1,0.01,USDJPY,110.409,110.409,101.509,2018.01.25 00:35,109.224,10.85,from #81163697,20180112
81196341,2018.01.24 08:00,0,0.01,GBPUSD,1.40345,1.40345,1.52485,2018.01.25 01:45,1.42247,19.02,from #81182297,20180112
81197070,2018.01.24 00:00,0,0.01,EURUSD,1.23017,1.22502,1.33317,2018.01.25 01:45,1.23941,9.24,from #81165498,20180112
81197074,2018.01.24 00:00,1,0.01,USDCAD,1.24122,1.24661,1.13993,2018.01.25 01:45,1.23527,4.82,from #81183553,20170909
81197144,2018.01.24 08:00,0,0.01,AUDUSD,0.8018,0.79821,0.8736,2018.01.25 01:44,0.80477,2.97,from #81174303,20170909
81205677,2018.01.25 01:45,1,0.02,CADJPY,88.481,88.906,79.918,2018.01.26 15:29,88.89,-7.48,bbMacd - short 0.02 on CADJ[sl],20180112
81206501,2018.01.25 02:56,6,0.01,,0,0,0,2018.01.25 02:56,0,-411,CW-EC-UP 1923145p,0
81207740,2018.01.25 03:46,6,0.01,,0,0,0,2018.01.25 03:46,0,342.22,CD-NBX-UP 0000000490832532,0
81207741,2018.01.25 03:46,6,0.01,,0,0,0,2018.01.25 03:46,0,8.78,EXP05-NBX-UP 0000000490832532,0
81276507,2018.01.26 16:00,0,0.02,AUDUSD,0.80831,0.80347,0.90511,2018.01.30 12:00,0.80857,0.52,IchimokuV1.0- long on AUDUSD,20170909
81286512,2018.01.26 20:00,1,0.02,USDJPY,108.454,109.123,95.032,2018.01.29 18:15,109.124,-12.28,IchimokuV1.0- short on USDJ[sl],20170909
81304864,2018.01.29 12:00,1,0.03,CADJPY,88.037,88.503,78.822,2018.01.29 18:28,88.504,-12.84,bbMacd - short 0.03 on CADJ[sl],20180112
81331959,2018.01.30 09:46,0,0.02,USDCAD,1.23717,1.2292,0,2018.01.30 12:39,1.23208,-8.26,to #81339098,0
81337858,2018.01.30 12:14,0,0.04,GOLD,1343.74,0,0,2018.01.30 17:10,1344.6,3.44,,0
81339060,2018.01.30 12:38,0,0.05,GOLD,1346.13,0,0,2018.01.30 17:11,1344.39,-8.7,,0
81339073,2018.01.30 12:38,0,0.05,GBPUSD,1.40935,0,0,2018.01.30 17:09,1.41264,16.45,,0
81339076,2018.01.30 12:38,0,0.05,EURUSD,1.24191,0,0,2018.01.30 17:10,1.24257,3.3,,0
81339086,2018.01.30 12:38,0,0.05,NZDUSD,0.73383,0,0,2018.01.30 17:11,0.73313,-3.5,,0
81339098,2018.01.30 09:46,0,0.02,USDCAD,1.23717,1.2292,0,2018.01.31 09:32,1.2292,-12.97,from #81331959[sl],0
81342468,2018.01.30 14:19,0,0.05,GBPUSD,1.4129,0,0,2018.01.30 17:10,1.41255,-1.75,,0
81345278,2018.01.30 16:00,1,0.02,USDCHF,0.93144,0.93705,0.81966,2018.02.02 03:04,0.92666,10.32,IchimokuV1.0- short on USDCHF,20170909
81345280,2018.01.30 16:00,0,0.02,EURUSD,1.24454,1.23798,1.37637,2018.02.02 03:04,1.25022,11.36,IchimokuV1.0- long on EURUSD,20170909
81345281,2018.01.30 16:00,1,0.02,USDCAD,1.23154,1.23654,1.13175,2018.02.02 03:04,1.2272,7.07,IchimokuV1.0- short on USDCAD,20170909
81351231,2018.01.30 18:50,0,0.05,GBPUSD,1.41202,1.409,0,2018.01.31 02:00,1.41491,14.45,,0
81352304,2018.01.30 20:00,0,0.01,NZDUSD,0.73347,0.72891,0.82425,2018.01.31 16:15,0.74044,6.97,to #81377229,20170909
81352306,2018.01.30 20:00,0,0.01,GBPUSD,1.4144,1.40547,1.593,2018.01.31 18:12,1.42084,6.44,to #81380723,20170909
81354597,2018.01.31 01:05,1,0.02,GOLD,1337.23,1346.41,1153.63,2018.01.31 22:17,1346.48,-18.5,bbMacd - short 0.02 on GOLD[sl],20180112
81357814,2018.01.31 03:43,0,0.05,EURUSD,1.24159,1.2391,0,2018.01.31 07:02,1.24182,1.15,,0
81357840,2018.01.31 03:45,0,0.05,GBPUSD,1.41549,0,0,2018.01.31 07:01,1.41663,5.7,,0
81357845,2018.01.31 04:31,0,0.05,NZDUSD,0.7354,0,0,2018.01.31 07:01,0.73723,9.15,,0
81362563,2018.01.31 11:50,0,0.05,GBPUSD,1.41507,0,0,2018.01.31 16:15,1.41533,1.3,,0
81362571,2018.01.31 07:03,2,0.05,NZDUSD,0.73567,0,0,2018.01.31 15:11,0.74115,0,cancelled,0
81369197,2018.01.31 11:02,0,0.05,EURUSD,1.24403,0,0,2018.01.31 16:15,1.24457,2.7,,0
81376592,2018.01.31 16:00,1,0.04,USDCAD,1.22715,1.23192,1.13175,2018.01.31 19:47,1.23194,-15.55,bbMacd - short 0.04 on USDC[sl],20180112
81376599,2018.01.31 16:00,0,0.02,AUDUSD,0.81015,0.80577,0.89754,2018.01.31 19:46,0.80575,-8.8,IchimokuV1.0- long on AUDUS[sl],20170909
81377229,2018.01.30 20:00,0,0.01,NZDUSD,0.73347,0.72891,0.82425,2018.02.02 03:04,0.73835,4.88,from #81352304,20170909
81380723,2018.01.30 20:00,0,0.01,GBPUSD,1.4144,1.40547,1.593,2018.02.02 03:04,1.42615,11.75,from #81352306,20170909
81389441,2018.02.01 01:42,0,0.05,EURUSD,1.2421,0,0,2018.02.01 13:33,1.24332,6.1,,0
81389444,2018.02.01 01:42,0,0.05,GBPUSD,1.42025,0,0,2018.02.01 13:33,1.42344,15.95,,0
81389447,2018.02.01 01:42,0,0.08,NZDUSD,0.73768,0,0,2018.02.01 13:33,0.73391,-30.16,,0
81403675,2018.02.01 12:00,0,0.02,GBPUSD,1.42499,1.41607,1.60339,2018.02.02 03:15,1.4263,2.62,bbMacd- long 0.02 on GBPUSD,20180112
81408263,2018.02.01 14:52,0,0.08,GBPUSD,1.4227,1.41455,0,2018.02.02 03:03,1.4262,28,,0
81408269,2018.02.01 14:52,0,0.08,EURUSD,1.24573,1.24065,0,2018.02.02 03:02,1.25056,38.64,,0
81408279,2018.02.01 14:53,0,0.08,NZDUSD,0.73617,0.733,0,2018.02.02 03:03,0.73853,18.88,,0
81411139,2018.02.01 16:00,1,0.02,AUDUSD,0.80033,0.80506,0.70468,2018.02.02 03:15,0.80236,-4.06,IchimokuV1.0- short on AUDUSD,20170909
81418937,2018.02.01 20:00,0,0.02,EURUSD,1.24795,1.24182,1.37034,2018.02.02 03:15,1.25022,4.54,bbMacd- long 0.02 on EURUSD,20180112
81422235,2018.02.02 00:00,0,0.02,NZDUSD,0.74029,0.73574,0.83129,2018.02.02 03:15,0.73805,-4.48,bbMacd- long 0.02 on NZDUSD,20180112
81424213,2018.02.02 03:04,1,0.02,USDCAD,1.22692,1.23207,1.12539,2018.02.02 03:15,1.22756,-1.04,IchimokuV1.0- short on USDCAD,20170909
81424222,2018.02.02 03:04,0,0.02,NZDUSD,0.73861,0.73389,0.83301,2018.02.02 03:15,0.73796,-1.3,IchimokuV1.0- long on NZDUSD,20170909
81424948,2018.02.02 03:34,6,0.01,,0,0,0,2018.02.02 03:34,0,-446,CW-NBX-UP 1949055p,0
81435905,2018.02.02 14:33,6,0.01,,0,0,0,2018.02.02 14:33,0,327.6,CD-NBX-UP 0000000493407898,0
81435906,2018.02.02 14:33,6,0.01,,0,0,0,2018.02.02 14:33,0,8.4,EXP05-NBX-UP 0000000493407898,0
81436312,2018.02.02 15:05,0,0.04,GBPUSD,1.42226,1.41898,0,2018.02.02 15:30,1.41899,-13.08,[sl],0
81436315,2018.02.02 15:06,0,0.04,EURUSD,1.24926,1.24727,0,2018.02.02 15:30,1.24682,-9.76,[sl],0
81436382,2018.02.02 15:09,5,1,EURUSD,1.24703,0,0,2018.02.02 15:09,1.24904,0,cancelled,0
81436397,2018.02.02 15:10,4,1,EURUSD,1.25071,0,0,2018.02.02 15:10,1.24918,0,cancelled,0
81437105,2018.02.02 15:30,1,0.04,GOLD,1340.36,1340.36,1326,2018.02.02 17:08,1330.79,38.28,,0
81437135,2018.02.02 15:30,1,0.04,AUDUSD,0.79584,0.7978,0,2018.02.02 18:04,0.79396,7.52,,0
81437159,2018.02.02 15:30,1,0.04,NZDUSD,0.73353,0,0,2018.02.02 18:04,0.73152,8.04,,0
81437234,2018.02.02 15:31,0,0.04,USDJPY,110.152,0,0,2018.02.02 18:04,110.382,8.33,,0
81437762,2018.02.02 15:34,0,0.04,USDJPY,110.323,0,0,2018.02.02 18:04,110.384,2.21,,0
81438799,2018.02.02 15:40,1,0.02,GOLD,1340.3,1340.3,1325,2018.02.02 18:04,1330.32,19.96,to #81446177,0
81438841,2018.02.02 15:40,1,0.04,GBPUSD,1.41722,0,0,2018.02.02 18:05,1.41313,16.36,,0
81439596,2018.02.02 15:50,1,0.04,NZDUSD,0.73268,0,0,2018.02.02 18:04,0.73149,4.76,,0
81446177,2018.02.02 15:40,1,0.02,GOLD,1340.3,1340.3,1325,2018.02.02 18:05,1330.14,20.32,from #81438799,0
81461514,2018.02.05 09:49,6,0.01,,0,0,0,2018.02.05 09:49,0,-420,CW-FGT-UP 1954866p,0
81461833,2018.02.05 03:26,6,0.01,,0,0,0,2018.02.05 03:26,0,337.35,CD-NBX-UP 0000000494386891,0
81461834,2018.02.05 03:26,6,0.01,,0,0,0,2018.02.05 03:26,0,8.65,EXP05-NBX-UP 0000000494386891,0
81462437,2018.02.05 04:00,0,0.01,USDCAD,1.24152,1.23609,1.35033,2018.02.06 02:06,1.25294,9.11,to #81494906,20170909
81481369,2018.02.05 16:55,0,0.04,USDJPY,110.093,0,0,2018.02.06 01:53,109.064,-37.74,,0
81486264,2018.02.05 20:00,1,0.02,GBPUSD,1.40312,1.41141,1.23732,2018.02.06 07:51,1.39708,12.08,IchimokuV1.0- short on GBPUSD,20170909
81486265,2018.02.05 20:00,1,0.02,NZDUSD,0.72875,0.73341,0.63681,2018.02.06 23:45,0.73347,-9.44,IchimokuV1.0- short on NZDU[sl],20170909
81492514,2018.02.06 00:00,1,0.03,AUDUSD,0.78742,0.79236,0.68862,2018.02.07 16:38,0.78611,3.93,bbMacd - short 0.03 on AUDUSD,20180112
81492519,2018.02.06 00:00,1,0.03,NZDUSD,0.72573,0.73047,0.63093,2018.02.06 07:55,0.73056,-14.49,bbMacd - short 0.03 on NZDU[sl],20180112
81494906,2018.02.05 04:00,0,0.01,USDCAD,1.24152,1.24152,1.35033,2018.02.07 16:38,1.25249,8.76,from #81462437,20170909
81498303,2018.02.06 04:00,1,0.02,USDJPY,108.637,109.222,96.916,2018.02.06 10:22,109.228,-10.82,IchimokuV1.0- short on USDJ[sl],20170909
81534386,2018.02.06 21:00,1,0.02,GOLD,1327.24,1336.84,1135.03,2018.02.08 01:46,1318.56,17.36,IchimokuV1.0- short on GOLD,20170909
81536964,2018.02.07 01:05,1,0.03,GOLD,1324.48,1334.19,1130.7,2018.02.08 01:46,1318.47,18.03,bbMacd - short 0.03 on GOLD,20180112
81555342,2018.02.07 15:00,1,0.02,AUDUSD,0.78688,0.79196,0.68528,2018.02.07 16:53,0.78671,0.34,HA_SMA-short on strategy_2,20180207
81555558,2018.02.07 15:08,1,0.02,AUDCAD,0.98443,0.98843,0.90443,2018.02.07 16:53,0.98531,-1.4,HA_SMA-short on strategy_2,20180123
81555559,2018.02.07 15:08,1,0.02,AUDJPY,85.937,86.735,70.019,2018.02.07 16:53,85.912,0.46,HA_SMA-short on strategy_2,20180123
81555562,2018.02.07 15:08,1,0.02,AUDNZD,1.07705,1.08194,0.97925,2018.02.07 16:53,1.07762,-0.83,HA_SMA-short on strategy_2,20180123
81555563,2018.02.07 15:08,1,0.02,AUDUSD,0.78654,0.79162,0.68494,2018.02.07 16:53,0.78672,-0.36,HA_SMA-short on strategy_2,20180123
81555564,2018.02.07 15:08,1,0.02,CADJPY,87.279,87.982,73.219,2018.02.07 16:53,87.216,1.15,HA_SMA-short on strategy_2,20180123
81555565,2018.02.07 15:08,1,0.02,EURJPY,134.811,135.847,114.091,2018.02.07 16:52,134.751,1.1,HA_SMA-short on strategy_2,20180123
81555566,2018.02.07 15:08,1,0.02,EURZAR,14.75967,14.91843,11.58447,2018.02.07 16:52,14.73608,3.95,HA_SMA-short on strategy_2,20180123
81555567,2018.02.07 15:08,1,0.02,GBPJPY,151.981,153.307,125.461,2018.02.07 16:52,152.072,-1.67,HA_SMA-short on strategy_2,20180123
81555568,2018.02.07 15:08,1,0.02,GBPSGD,1.83544,1.84615,1.62145,2018.02.07 16:52,1.83974,-6.51,HA_SMA-short on strategy_2,20180123
81555569,2018.02.07 15:08,1,0.02,USDCNH,6.2791,6.3025,5.8132,2018.02.07 16:52,6.2868,-2.45,HA_SMA-short on strategy_2,20180123
81555571,2018.02.07 15:08,1,0.02,USDZAR,11.9622,12.0961,9.2842,2018.02.07 16:52,11.9423,3.33,HA_SMA-short on strategy_2,20180123
81555730,2018.02.07 15:14,1,0.02,AUDCAD,0.98476,0.98876,0.90476,2018.02.07 16:52,0.98502,-0.41,HA_SMA-short on strategy_2,20180207
81555731,2018.02.07 15:14,1,0.02,AUDJPY,85.965,86.761,70.045,2018.02.07 16:52,85.895,1.29,HA_SMA-short on strategy_2,20180207
81555732,2018.02.07 15:14,1,0.02,AUDNZD,1.07699,1.08188,0.97919,2018.02.07 16:52,1.07755,-0.82,HA_SMA-short on strategy_2,20180207
81555733,2018.02.07 15:14,1,0.02,CADJPY,87.278,87.981,73.218,2018.02.07 16:52,87.209,1.27,HA_SMA-short on strategy_2,20180207
81555736,2018.02.07 15:14,1,0.02,EURJPY,134.812,135.848,114.092,2018.02.07 16:52,134.738,1.35,HA_SMA-short on strategy_2,20180207
81555739,2018.02.07 15:14,1,0.02,EURZAR,14.76005,14.91881,11.58485,2018.02.07 16:52,14.73375,4.41,HA_SMA-short on strategy_2,20180207
81555740,2018.02.07 15:14,1,0.02,GBPJPY,152.039,153.364,125.518,2018.02.07 16:53,152.059,-0.37,HA_SMA-short on strategy_2,20180207
81555741,2018.02.07 15:14,1,0.02,GBPSGD,1.83637,1.84714,1.62097,2018.02.07 16:53,1.83986,-5.28,HA_SMA-short on strategy_2,20180207
81555743,2018.02.07 15:14,1,0.02,USDCNH,6.2801,6.3034,5.8141,2018.02.07 16:53,6.2867,-2.1,HA_SMA-short on strategy_2,20180207
81555744,2018.02.07 15:14,1,0.02,USDZAR,11.9612,12.0951,9.2832,2018.02.07 16:52,11.9449,2.73,HA_SMA-short on strategy_2,20180207
81557068,2018.02.07 16:00,1,0.02,EURUSD,1.23368,1.23983,1.11047,2018.02.08 01:46,1.22651,14.34,bbMacd - short 0.02 on EURUSD,20180112
81557070,2018.02.07 16:00,1,0.02,EURUSD,1.23368,1.23983,1.11047,2018.02.08 01:46,1.22651,14.34,IchimokuV1.0- short on EURUSD,20170909
81557071,2018.02.07 16:00,1,0.02,GBPUSD,1.39052,1.39938,1.21332,2018.02.08 01:46,1.38768,5.68,bbMacd - short 0.02 on GBPUSD,20180112
81557072,2018.02.07 16:00,1,0.02,GBPUSD,1.39052,1.39938,1.21332,2018.02.08 01:46,1.38768,5.68,IchimokuV1.0- short on GBPUSD,20170909
81557083,2018.02.07 16:00,1,0.02,EURHKD,9.64467,9.69484,8.64127,2018.02.07 16:52,9.64873,-1.04,HA_SMA-short on strategy_2,20180123
81557088,2018.02.07 16:00,1,0.02,EURHKD,9.64483,9.695,8.64143,2018.02.07 16:52,9.64872,-1,HA_SMA-short on strategy_2,20180207
81557091,2018.02.07 16:00,1,0.02,EURUSD,1.23366,1.23984,1.11027,2018.02.07 16:52,1.2339,-0.48,HA_SMA-short on strategy_2,20180123
81557092,2018.02.07 16:00,1,0.02,EURUSD,1.23367,1.23983,1.11047,2018.02.07 16:52,1.23385,-0.36,HA_SMA-short on strategy_2,20180207
81557093,2018.02.07 16:00,1,0.02,GBPCAD,1.74227,1.75189,1.54987,2018.02.07 16:52,1.74338,-1.78,HA_SMA-short on strategy_2,20180123
81557094,2018.02.07 16:00,1,0.02,GBPCAD,1.74227,1.75189,1.54987,2018.02.07 16:52,1.74338,-1.77,HA_SMA-short on strategy_2,20180207
81557095,2018.02.07 16:00,1,0.02,GBPUSD,1.3905,1.39936,1.2133,2018.02.07 16:52,1.39205,-3.1,HA_SMA-short on strategy_2,20180123
81557096,2018.02.07 16:00,1,0.02,GBPNZD,1.90624,1.91946,1.64163,2018.02.07 16:52,1.90668,-0.64,HA_SMA-short on strategy_2,20180207
81559680,2018.02.07 17:03,1,0.03,EURUSD,1.23382,1.23014,1.10716,2018.02.08 01:46,1.22651,21.93,HA_SMA-short on strategy_2,20180207
81559682,2018.02.07 17:03,1,0.02,GBPUSD,1.39262,1.39238,1.20682,2018.02.08 01:46,1.38768,9.88,HA_SMA-short on strategy_2,20180207
81559684,2018.02.07 17:03,1,0.02,AUDUSD,0.78663,0.78519,0.68723,2018.02.08 01:46,0.78167,9.92,HA_SMA-short on strategy_2,20180207
81559685,2018.02.07 17:03,1,0.02,EURJPY,134.69,135.7,114.259,2018.02.08 01:46,133.968,13.22,HA_SMA-short on strategy_2,20180207
81559686,2018.02.07 17:03,1,0.03,GBPNZD,1.90666,1.92034,1.63453,2018.02.07 22:00,1.92035,-29.69,HA_SMA-short on strategy_2[sl],20180207
81559688,2018.02.07 17:03,1,0.03,GBPCAD,1.74259,1.7525,1.54481,2018.02.08 01:47,1.74443,-4.39,HA_SMA-short on strategy_2,20180207
81559689,2018.02.07 17:03,1,0.03,GBPJPY,152.003,153.322,125.728,2018.02.08 01:46,151.566,12,HA_SMA-short on strategy_2,20180207
81559691,2018.02.07 17:03,1,0.03,AUDNZD,1.07712,1.08188,0.98171,2018.02.07 22:00,1.08171,-9.96,HA_SMA-short on strategy_2[sl],20180207
81559694,2018.02.07 17:03,1,0.03,AUDCAD,0.98446,0.98837,0.90626,2018.02.08 01:46,0.98248,4.72,HA_SMA-short on strategy_2,20180207
81559695,2018.02.07 17:03,1,0.02,AUDJPY,85.881,86.65,70.27,2018.02.08 01:46,85.367,9.41,HA_SMA-short on strategy_2,20180207
81559701,2018.02.07 17:04,1,0.02,CADJPY,87.197,87.891,73.296,2018.02.08 01:47,86.909,5.27,HA_SMA-short on strategy_2,20180207
81566399,2018.02.07 20:00,1,0.02,NZDUSD,0.72626,0.73123,0.62854,2018.02.08 01:47,0.72297,6.58,IchimokuV1.0- short on NZDUSD,20170909
81566400,2018.02.07 20:00,1,0.02,NZDUSD,0.72626,0.72542,0.62826,2018.02.07 23:24,0.72546,1.6,HA_SMA-short on strategy_2[sl],20180207
81566409,2018.02.07 20:00,1,0.02,NZDJPY,79.56,79.512,65.76,2018.02.08 01:47,78.962,10.95,HA_SMA-short on strategy_2,20180207
81566413,2018.02.07 20:00,1,0.02,CHFJPY,116.006,116.656,103.006,2018.02.08 01:47,115.829,3.24,HA_SMA-short on strategy_2,20180207
81570627,2018.02.08 00:00,1,0.04,CADJPY,86.951,87.629,73.265,2018.02.08 01:47,86.903,1.75,bbMacd - short 0.04 on CADJPY,20180112
81570647,2018.02.08 00:00,1,0.04,NZDUSD,0.72323,0.72831,0.62163,2018.02.08 01:47,0.72297,1.04,bbMacd - short 0.04 on NZDUSD,20180112
81573073,2018.02.08 04:00,6,0.01,,0,0,0,2018.02.08 04:00,0,-425,CW-NBX-UP 1969927p,0
81573675,2018.02.08 03:33,6,0.01,,0,0,0,2018.02.08 03:33,0,351.97,CD-NBX-UP 0000000495360905,0
81573676,2018.02.08 03:33,6,0.01,,0,0,0,2018.02.08 03:33,0,9.03,EXP05-NBX-UP 0000000495360905,0
81597162,2018.02.08 16:00,0,0.02,USDCAD,1.25564,1.26383,1.36184,2018.02.09 15:32,1.26385,12.99,HA_SMA-long on strategy_2[sl],20180207
81597173,2018.02.08 16:00,0,0.02,EURNZD,1.6991,1.68806,1.91864,2018.02.09 17:27,1.68801,-16.08,HA_SMA-long on strategy_2[sl],20180207
81612464,2018.02.09 00:00,1,0.02,CADJPY,86.269,86.942,72.809,2018.02.14 09:40,85.406,16.07,bbMacd - short 0.02 on CADJPY,20180112
81612465,2018.02.09 00:00,1,0.02,USDJPY,108.72,109.373,95.702,2018.02.13 17:01,107.689,19.15,bbMacd - short 0.02 on USDJPY,20180112
81612467,2018.02.09 00:00,1,0.02,USDJPY,108.72,109.373,95.702,2018.02.13 17:01,107.677,19.37,IchimokuV1.0- short on USDJPY,20170909
81612470,2018.02.09 00:00,1,0.02,AUDUSD,0.77773,0.78251,0.68213,2018.02.09 15:45,0.78252,-9.58,bbMacd - short 0.02 on AUDU[sl],20180112
81616280,2018.02.09 04:00,0,0.02,EURAUD,1.57714,1.56986,1.72274,2018.02.09 15:20,1.56986,-11.38,HA_SMA-long on strategy_2[sl],20180207
81620537,2018.02.09 08:00,1,0.02,NZDUSD,0.7207,0.7255,0.6247,2018.02.09 15:56,0.72551,-9.62,IchimokuV1.0- short on NZDU[sl],20170909
81635837,2018.02.09 16:00,0,0.02,USDCAD,1.25726,1.25794,1.37487,2018.02.09 23:33,1.25794,1.08,HA_SMA-long on strategy_2[sl],20180207
81635842,2018.02.09 16:00,1,0.02,GBPUSD,1.38353,1.39415,1.17113,2018.02.13 12:00,1.38858,-10.1,IchimokuV1.0- short on GBPUSD,20170909
81635851,2018.02.09 16:00,0,0.03,EURAUD,1.56861,1.56138,1.71321,2018.02.09 20:00,1.56902,0.95,HA_SMA-long on strategy_2,20180207
81635863,2018.02.09 16:00,0,0.02,NZDCAD,0.91202,0.91552,1.01863,2018.02.13 16:24,0.91552,5.56,HA_SMA-long on strategy_2[sl],20180207
81645022,2018.02.09 20:00,1,0.02,EURUSD,1.22134,1.22777,1.09274,2018.02.12 03:15,1.22779,-12.9,IchimokuV1.0- short on EURU[sl],20170909
81645024,2018.02.09 20:00,1,0.02,EURUSD,1.22134,1.22777,1.09274,2018.02.12 03:15,1.22779,-12.9,HA_SMA-short on strategy_2[sl],20180207
81645038,2018.02.09 20:00,1,0.02,GBPUSD,1.37854,1.38921,1.16514,2018.02.13 11:30,1.3904,-23.72,HA_SMA-short on strategy_2[sl],20180207
81645042,2018.02.09 20:00,1,0.02,USDJPY,108.401,107.943,94.443,2018.02.13 17:01,107.698,13.06,HA_SMA-short on strategy_2,20180207
81645044,2018.02.09 20:00,1,0.02,EURCHF,1.14756,1.15351,1.02856,2018.02.12 10:26,1.15352,-12.68,HA_SMA-short on strategy_2[sl],20180207
81645046,2018.02.09 20:00,1,0.02,EURUSD,1.22133,1.22776,1.09273,2018.02.12 03:15,1.22775,-12.84,HA_SMA-short on strategy_2[sl],20180207
81645047,2018.02.09 20:00,1,0.02,EURUSD,1.22133,1.22775,1.09272,2018.02.12 03:15,1.22775,-12.84,HA_SMA-short on strategy_2[sl],20180207
81645048,2018.02.09 20:00,1,0.02,EURUSD,1.22133,1.22775,1.09272,2018.02.12 03:15,1.22775,-12.84,HA_SMA-short on strategy_2[sl],20180207
81645050,2018.02.09 20:00,1,0.02,GBPJPY,149.413,148.988,117.42,2018.02.14 17:09,148.987,7.95,HA_SMA-short on strategy_2[sl],20180207
81645052,2018.02.09 20:00,1,0.02,GBPCHF,1.29493,1.30535,1.08653,2018.02.15 00:00,1.3021,-15.43,HA_SMA-short on strategy_2,20180207
81645054,2018.02.09 20:00,1,0.02,CHFJPY,115.359,114.861,100.821,2018.02.14 17:09,114.867,9.18,HA_SMA-short on strategy_2[sl],20180207
81645055,2018.02.09 20:00,1,0.02,CADCHF,0.74398,0.74323,0.65258,2018.02.14 00:02,0.74334,1.37,HA_SMA-short on strategy_2[sl],20180207
81645057,2018.02.09 20:00,1,0.02,CADJPY,85.828,86.546,71.489,2018.02.09 22:51,86.546,-13.19,HA_SMA-short on strategy_2[sl],20180207
81652970,2018.02.12 04:00,0,0.02,EURGBP,0.88736,0.88892,0.97296,2018.02.14 15:22,0.88891,4.3,HA_SMA-long on strategy_2[sl],20180207
81673479,2018.02.12 20:00,0,0.02,USDCAD,1.2613,1.25538,1.37991,2018.02.14 08:00,1.25699,-6.86,IchimokuV1.0- long on USDCAD,20170909
81675212,2018.02.13 00:00,0,0.02,EURCAD,1.5466,1.55451,1.6812,2018.02.14 00:03,1.55444,12.45,HA_SMA-long on strategy_2[sl],20180207
81703606,2018.02.13 20:00,0,0.02,USDCAD,1.26031,1.2606,1.36891,2018.02.14 17:09,1.26059,0.44,HA_SMA-long on strategy_2[sl],20180207
81703611,2018.02.13 20:00,0,0.02,EURAUD,1.57329,1.5757,1.70228,2018.02.14 17:20,1.57569,3.77,HA_SMA-long on strategy_2[sl],20180207
81703617,2018.02.13 20:00,0,0.02,NZDCAD,0.91754,0.9176,1.00815,2018.02.14 15:32,0.91756,0.03,HA_SMA-long on strategy_2[sl],20180207
81705634,2018.02.14 00:00,0,0.02,EURNZD,1.69952,1.69125,1.86492,2018.02.14 04:34,1.69123,-12.12,HA_SMA-long on strategy_2[sl],20180207
81708206,2018.02.14 04:00,0,0.02,EURCAD,1.55514,1.55523,1.66834,2018.02.14 17:30,1.55513,-0.02,HA_SMA-long on strategy_2[sl],20180207
81714703,2018.02.14 08:00,1,0.02,USDCHF,0.93271,0.93664,0.8539,2018.02.14 15:33,0.93664,-8.39,IchimokuV1.0- short on USDC[sl],20170909
81716665,2018.02.14 09:40,1,0.02,CADJPY,85.372,85.951,73.792,2018.02.15 11:21,85.226,2.75,bbMacd - short 0.02 on CADJPY,20180112
81730021,2018.02.14 16:00,1,0.02,USDJPY,107.233,106.725,95.594,2018.02.15 11:21,106.333,16.93,HA_SMA-short on strategy_2,20180207
81730024,2018.02.14 16:00,0,0.03,USDCAD,1.26332,1.25831,1.36226,2018.02.14 17:11,1.25825,-12.09,IchimokuV1.0- long on USDCA[sl],20170909
81730026,2018.02.14 16:00,1,0.02,GBPUSD,1.38301,1.39064,1.23398,2018.02.14 17:10,1.39091,-15.8,IchimokuV1.0- short on GBPU[sl],20170909
81730030,2018.02.14 16:00,1,0.02,AUDUSD,0.77862,0.78303,0.69105,2018.02.14 17:09,0.78317,-9.1,IchimokuV1.0- short on AUDU[sl],20170909
81730043,2018.02.14 16:00,1,0.03,EURNZD,1.69551,1.69292,1.51871,2018.02.15 11:21,1.68884,14.81,HA_SMA-short on strategy_2,20180207
81730056,2018.02.14 16:00,1,0.02,EURJPY,131.926,132.805,114.346,2018.02.14 18:43,132.808,-16.48,HA_SMA-short on strategy_2[sl],20180207
81730061,2018.02.14 16:00,1,0.02,AUDNZD,1.0731,1.07775,0.9801,2018.02.15 11:21,1.07531,-3.27,HA_SMA-short on strategy_2,20180207
81730068,2018.02.14 16:00,1,0.02,AUDJPY,83.491,84.149,70.331,2018.02.14 17:20,84.152,-12.33,HA_SMA-short on strategy_2[sl],20180207
81730071,2018.02.14 16:00,1,0.02,CADJPY,84.871,85.471,72.913,2018.02.14 21:02,85.47,-11.19,HA_SMA-short on strategy_2[sl],20180207
81741903,2018.02.14 20:00,0,0.02,NZDUSD,0.73467,0.72982,0.8323,2018.02.15 11:22,0.73983,10.32,bbMacd- long 0.02 on NZDUSD,20180112
81741904,2018.02.14 20:00,0,0.02,EURUSD,1.24187,1.23594,1.36026,2018.02.15 11:21,1.24933,14.92,bbMacd- long 0.02 on EURUSD,20180112
81741910,2018.02.14 20:00,1,0.03,USDCHF,0.92999,0.93456,0.83922,2018.02.15 11:22,0.92453,17.72,IchimokuV1.0- short on USDCHF,20170909
81741911,2018.02.14 20:00,0,0.02,EURAUD,1.57302,1.56558,1.72182,2018.02.15 11:22,1.57034,-4.26,HA_SMA-long on strategy_2,20180207
81741916,2018.02.14 20:00,0,0.02,NZDCAD,0.9222,0.91739,1.0184,2018.02.15 11:22,0.92313,1.49,HA_SMA-long on strategy_2,20180207
81743478,2018.02.14 21:00,0,0.02,GOLD,1353,1343.26,1548.22,2018.02.15 11:22,1353.8,1.6,IchimokuV1.0- long on GOLD,20170909
81745764,2018.02.15 00:00,0,0.02,NZDUSD,0.73713,0.73199,0.83552,2018.02.15 11:22,0.73988,5.5,IchimokuV1.0- long on NZDUSD,20170909
81745766,2018.02.15 00:00,0,0.02,NZDUSD,0.73713,0.73199,0.83552,2018.02.15 11:22,0.73988,5.5,HA_SMA-long on strategy_2,20180207
81745767,2018.02.15 00:00,0,0.03,EURCAD,1.55661,1.55055,1.67781,2018.02.15 11:22,1.55883,5.34,HA_SMA-long on strategy_2,20180207
81745768,2018.02.15 00:00,0,0.02,EURUSD,1.24528,1.24604,1.36528,2018.02.15 11:22,1.24936,8.16,HA_SMA-long on strategy_2,20180207
81745770,2018.02.15 00:00,0,0.02,EURUSD,1.24528,1.24603,1.36528,2018.02.15 11:22,1.24937,8.18,HA_SMA-long on strategy_2,20180207
81745771,2018.02.15 00:00,0,0.02,EURUSD,1.24528,1.24603,1.36528,2018.02.15 11:22,1.24938,8.2,HA_SMA-long on strategy_2,20180207
81745772,2018.02.15 00:00,0,0.02,EURUSD,1.24529,1.23929,1.36529,2018.02.15 11:22,1.24934,8.1,IchimokuV1.0- long on EURUSD,20170909
81766172,2018.02.15 16:00,0,0.01,GBPUSD,1.40793,1.40023,1.56214,2018.02.16 06:26,1.41356,5.63,to #81784134,20170909
81780037,2018.02.16 04:00,0,0.02,AUDUSD,0.79436,0.78903,0.90096,2018.02.16 12:38,0.79667,4.62,IchimokuV1.0- long on AUDUSD,20170909
81784134,2018.02.15 16:00,0,0.01,GBPUSD,1.40793,1.40023,1.56214,2018.02.16 09:26,1.41218,4.25,from #81766172,20170909
81788621,2018.02.16 08:00,0,0.03,AUDUSD,0.79721,0.79179,0.90561,2018.02.16 12:39,0.79667,-1.62,bbMacd- long 0.03 on AUDUSD,20180112
81794233,2018.02.16 12:00,1,0.02,USDCAD,1.24581,1.25096,1.14281,2018.02.16 15:11,1.25099,-8.28,IchimokuV1.0- short on USDC[sl],20170909
81794241,2018.02.16 12:00,1,0.05,USDCAD,1.24592,1.25098,1.14283,2018.02.16 15:11,1.25099,-20.26,bbMacd - short 0.05 on USDC[sl],20180112
81795899,2018.02.16 13:00,0,0.02,GOLD,1359.05,1350.17,1536.44,2018.02.16 20:53,1350.1,-17.9,bbMacd- long 0.02 on GOLD[sl],20180112
81800431,2018.02.16 16:00,1,0.02,USDJPY,106.151,106.808,93.011,2018.02.19 12:00,106.618,-8.76,HA_SMA-short on strategy_2,20180207
81800434,2018.02.16 16:00,1,0.02,USDCHF,0.92481,0.92972,0.82661,2018.02.19 04:00,0.92673,-4.14,HA_SMA-short on strategy_2,20180207
81800447,2018.02.16 16:00,1,0.02,GBPJPY,148.888,149.88,128.985,2018.02.20 11:41,149.908,-19.04,HA_SMA-short on strategy_2[sl],20180207
81800478,2018.02.16 16:00,1,0.02,CADCHF,0.73776,0.74116,0.66976,2018.02.19 09:25,0.74116,-7.31,HA_SMA-short on strategy_2[sl],20180207
81800479,2018.02.16 16:00,1,0.02,CADJPY,84.699,85.253,73.619,2018.02.20 12:00,85.091,-7.31,HA_SMA-short on strategy_2,20180207
81805587,2018.02.16 20:00,1,0.02,EURNZD,1.68125,1.68015,1.52565,2018.02.20 16:38,1.68016,1.6,HA_SMA-short on strategy_2[sl],20180207
81805588,2018.02.16 20:00,1,0.02,EURJPY,131.94,132.738,115.98,2018.02.21 03:28,132.738,-14.83,HA_SMA-short on strategy_2[sl],20180207
81805589,2018.02.16 20:00,1,0.02,EURCHF,1.15164,1.15561,1.07203,2018.02.20 16:00,1.15401,-5.06,HA_SMA-short on strategy_2,20180207
81805591,2018.02.16 20:00,1,0.02,GBPCHF,1.29999,1.30561,1.18759,2018.02.19 08:00,1.30187,-4.05,HA_SMA-short on strategy_2,20180207
81805594,2018.02.16 20:00,1,0.02,CHFJPY,114.551,115.157,102.431,2018.02.21 08:00,115.004,-8.4,HA_SMA-short on strategy_2,20180207
81810505,2018.02.19 04:00,1,0.02,AUDNZD,1.07098,1.07485,0.99358,2018.02.19 16:00,1.07432,-4.91,HA_SMA-short on strategy_2,20180207
81810507,2018.02.19 04:00,1,0.02,AUDJPY,84.161,84.725,72.881,2018.02.20 06:38,84.725,-10.56,HA_SMA-short on strategy_2[sl],20180207
81832519,2018.02.20 08:00,0,0.06,USDCAD,1.25787,1.25332,1.34845,2018.02.22 07:08,1.26921,53.61,bbMacd- long 0.06 on USDCAD,20180112
81844913,2018.02.20 16:00,0,0.02,USDCAD,1.2628,1.25815,1.3558,2018.02.22 07:08,1.26924,10.15,IchimokuV1.0- long on USDCAD,20170909
81850882,2018.02.20 20:00,1,0.02,EURNZD,1.67869,1.67862,1.55631,2018.02.21 22:00,1.67863,0.09,HA_SMA-short on strategy_2[sl],20180207
81855414,2018.02.21 04:00,1,0.02,EURGBP,0.88129,0.88399,0.82729,2018.02.21 11:31,0.88411,-7.86,HA_SMA-short on strategy_2[sl],20180207
81855415,2018.02.21 04:00,1,0.02,EURAUD,1.5666,1.5727,1.4446,2018.02.21 08:00,1.5695,-4.55,HA_SMA-short on strategy_2,20180207
81859557,2018.02.21 08:00,0,0.02,USDCHF,0.93771,0.93378,1.01673,2018.02.22 11:45,0.93749,-0.47,IchimokuV1.0- long on USDCHF,20170909
81865228,2018.02.21 12:00,1,0.03,AUDNZD,1.06832,1.07187,0.99732,2018.02.22 11:46,1.06688,3.16,HA_SMA-short on strategy_2,20180207
81870615,2018.02.21 16:00,1,0.02,EURUSD,1.23177,1.23668,1.13756,2018.02.22 10:16,1.22731,8.92,IchimokuV1.0- short on EURUSD,20170909
81870616,2018.02.21 16:00,1,0.02,EURUSD,1.23177,1.22995,1.13737,2018.02.22 10:16,1.2273,8.94,HA_SMA-short on strategy_2,20180207
81870636,2018.02.21 16:00,1,0.02,EURUSD,1.232,1.23077,1.13761,2018.02.22 07:38,1.22748,9.04,HA_SMA-short on strategy_2,20180207
81870653,2018.02.21 16:00,1,0.02,EURUSD,1.2319,1.2307,1.13752,2018.02.22 07:38,1.22748,8.84,HA_SMA-short on strategy_2,20180207
81870688,2018.02.21 16:01,1,0.02,EURUSD,1.23246,1.23077,1.13807,2018.02.22 07:38,1.22747,9.98,HA_SMA-short on strategy_2,20180207
81876380,2018.02.21 20:00,1,0.02,AUDUSD,0.78391,0.78794,0.70268,2018.02.21 21:11,0.78794,-8.06,IchimokuV1.0- short on AUDU[sl],20170909
81877001,2018.02.21 21:00,1,0.02,GOLD,1329.55,1336.28,1186.76,2018.02.21 21:07,1336.3,-13.5,IchimokuV1.0- short on GOLD[sl],20170909
81884266,2018.02.22 04:00,1,0.02,GBPUSD,1.39121,1.39829,1.24961,2018.02.22 11:46,1.38932,3.78,IchimokuV1.0- short on GBPUSD,20170909
81890986,2018.02.22 12:00,0,0.02,USDCAD,1.26866,1.2714,1.35026,2018.02.22 16:07,1.27139,4.29,HA_SMA-long on strategy_2[sl],20180207
81890998,2018.02.22 12:00,0,0.03,USDCHF,0.93833,0.93449,1.01513,2018.02.22 16:13,0.93449,-12.33,HA_SMA-long on strategy_2[sl],20180207
81891000,2018.02.22 12:00,0,0.03,EURAUD,1.57243,1.56661,1.68883,2018.02.26 00:37,1.56653,-13.88,HA_SMA-long on strategy_2[sl],20180207
81896383,2018.02.22 16:00,1,0.02,CADJPY,83.982,84.373,75.931,2018.02.23 15:30,84.458,-8.92,bbMacd - short 0.02 on CADJ[sl],20180112
81896399,2018.02.22 16:00,1,0.02,USDJPY,106.881,107.39,96.47,2018.02.27 16:00,107.096,-4.02,IchimokuV1.0- short on USDJPY,20170909
81903065,2018.02.22 20:00,0,0.02,NZDUSD,0.73506,0.73144,0.80683,2018.02.23 03:11,0.73144,-7.24,IchimokuV1.0- long on NZDUS[sl],20170909
81903078,2018.02.22 20:00,0,0.02,NZDUSD,0.73507,0.73148,0.80687,2018.02.23 03:11,0.73147,-7.2,HA_SMA-long on strategy_2[sl],20180207
81903080,2018.02.22 20:00,0,0.02,USDCAD,1.27082,1.26603,1.36662,2018.02.23 15:30,1.26454,-9.93,HA_SMA-long on strategy_2[sl],20180207
81903082,2018.02.22 20:00,0,0.02,EURCAD,1.56797,1.56306,1.66617,2018.02.23 09:05,1.56304,-7.75,HA_SMA-long on strategy_2[sl],20180207
81903083,2018.02.22 20:00,0,0.02,AUDCAD,0.9979,0.99429,1.0701,2018.02.23 09:20,0.99429,-5.68,HA_SMA-long on strategy_2[sl],20180207
81903084,2018.02.22 20:00,0,0.02,NZDCAD,0.93413,0.93086,0.99953,2018.02.23 01:57,0.93081,-5.23,HA_SMA-long on strategy_2[sl],20180207
81904292,2018.02.23 00:00,0,0.02,GBPUSD,1.39616,1.38922,1.53496,2018.02.26 13:58,1.40457,16.82,IchimokuV1.0- long on GBPUSD,20170909
81907096,2018.02.23 04:00,0,0.02,GBPUSD,1.39575,1.38908,1.52915,2018.02.26 08:22,1.40203,12.56,HA_SMA-long on strategy_2,20180207
81907099,2018.02.23 04:00,0,0.03,NZDCAD,0.93036,0.92692,0.99916,2018.02.23 08:00,0.92785,-5.92,HA_SMA-long on strategy_2,20180207
81910021,2018.02.23 08:00,1,0.02,NZDUSD,0.72957,0.73332,0.65436,2018.02.26 07:33,0.73332,-7.5,bbMacd - short 0.02 on NZDU[sl],20180112
81910028,2018.02.23 08:00,1,0.03,NZDUSD,0.72956,0.73332,0.65436,2018.02.26 07:33,0.73332,-11.28,IchimokuV1.0- short on NZDU[sl],20170909
81914427,2018.02.23 12:00,1,0.03,AUDUSD,0.78201,0.78579,0.70662,2018.02.26 04:28,0.78579,-11.34,IchimokuV1.0- short on AUDU[sl],20170909
81919559,2018.02.23 16:00,1,0.02,AUDUSD,0.78198,0.7857,0.70758,2018.02.26 04:10,0.78571,-7.46,HA_SMA-short on strategy_2[sl],20180207
81919564,2018.02.23 16:00,1,0.03,NZDUSD,0.72896,0.73262,0.65576,2018.02.26 05:16,0.73261,-10.95,HA_SMA-short on strategy_2[sl],20180207
81919575,2018.02.23 16:00,1,0.03,EURGBP,0.87947,0.88267,0.81547,2018.02.26 13:58,0.87826,5.1,HA_SMA-short on strategy_2,20180207
81919577,2018.02.23 16:00,1,0.03,EURJPY,131.305,131.854,120.325,2018.02.26 08:22,131.325,-0.56,HA_SMA-short on strategy_2,20180207
81919580,2018.02.23 16:00,1,0.03,EURCHF,1.15092,1.15347,1.09992,2018.02.26 08:22,1.15061,0.99,HA_SMA-short on strategy_2,20180207
81919581,2018.02.23 16:00,1,0.03,AUDJPY,83.495,83.908,75.235,2018.02.26 00:05,83.977,-13.51,HA_SMA-short on strategy_2[sl],20180207
81919583,2018.02.23 16:00,1,0.02,AUDCHF,0.7318,0.73466,0.6746,2018.02.26 00:05,0.73533,-7.54,HA_SMA-short on strategy_2[sl],20180207
81919584,2018.02.23 16:00,1,0.02,NZDJPY,77.832,78.208,70.312,2018.02.26 07:07,78.21,-7.09,HA_SMA-short on strategy_2[sl],20180207
81919585,2018.02.23 16:00,1,0.03,CADCHF,0.73848,0.74148,0.67848,2018.02.23 20:00,0.73886,-1.22,HA_SMA-short on strategy_2,20180207
81919587,2018.02.23 16:00,1,0.03,CADJPY,84.253,84.672,75.873,2018.02.26 00:05,84.741,-13.67,HA_SMA-short on strategy_2[sl],20180207
81933124,2018.02.26 08:00,1,0.02,USDJPY,106.512,107.024,96.272,2018.02.26 16:39,107.025,-9.59,bbMacd - short 0.02 on USDJ[sl],20180112
81933140,2018.02.26 08:00,0,0.02,GBPCHF,1.30888,1.30365,1.41348,2018.02.26 08:22,1.30847,-0.88,HA_SMA-long on strategy_2,20180207
81939344,2018.02.26 13:58,0,0.02,GBPUSD,1.4049,1.39817,1.53824,2018.02.26 16:03,1.39817,-13.46,IchimokuV1.0- long on GBPUS[sl],20170909
81948719,2018.02.26 20:00,0,0.01,USDCHF,0.93789,0.93422,1.01129,2018.03.01 02:40,0.94489,7.41,to #81999737,20170909
81948720,2018.02.26 20:00,0,0.02,USDCAD,1.26873,1.26336,1.37613,2018.02.28 07:42,1.27704,13.01,IchimokuV1.0- long on USDCAD,20170909
81952505,2018.02.27 04:00,1,0.04,NZDUSD,0.72941,0.73288,0.66022,2018.02.28 05:10,0.72317,24.96,IchimokuV1.0- short on NZDUSD,20170909
81958970,2018.02.27 11:48,0,1,EU50Cash,3466.3,3441,0,2018.02.27 22:22,3440.7,-31.32,[sl],0
81965009,2018.02.27 16:00,1,0.04,AUDUSD,0.78316,0.78669,0.71193,2018.02.28 05:10,0.77912,16.16,IchimokuV1.0- short on AUDUSD,20170909
81965016,2018.02.27 16:00,1,0.01,GBPUSD,1.39114,1.39756,1.26085,2018.02.28 16:15,1.38263,8.51,to #81990636,20170909
81965017,2018.02.27 16:00,1,0.03,NZDUSD,0.72695,0.73026,0.65928,2018.02.28 07:43,0.72344,10.53,bbMacd - short 0.03 on NZDUSD,20180112
81967270,2018.02.27 17:00,1,0.03,GOLD,1325.7,1332.61,1187.08,2018.02.28 05:10,1318.31,22.17,IchimokuV1.0- short on GOLD,20170909
81973314,2018.02.27 20:00,0,0.02,USDCAD,1.27386,1.26872,1.37624,2018.02.28 07:57,1.27702,4.95,bbMacd- long 0.02 on USDCAD,20180112
81973329,2018.02.27 20:00,1,0.02,EURUSD,1.22469,1.22958,1.12689,2018.03.01 16:03,1.21906,11.26,IchimokuV1.0- short on EURUSD,20170909
81973762,2018.02.27 21:00,1,0.01,GOLD,1318.13,1325.75,1165.1,2018.03.01 14:56,1307.11,11.02,to #82011271,20180112
81974606,2018.02.28 00:00,1,0.01,AUDUSD,0.77862,0.78247,0.70162,2018.03.01 03:54,0.7734,5.22,to #82000958,20180112
81974607,2018.02.28 00:00,1,0.02,EURUSD,1.22318,1.22809,1.12498,2018.03.01 16:04,1.21892,8.52,bbMacd - short 0.02 on EURUSD,20180112
81979444,2018.02.28 08:00,1,0.03,CADJPY,83.818,84.219,75.819,2018.03.01 03:35,83.083,20.67,bbMacd - short 0.03 on CADJPY,20180112
81990636,2018.02.27 16:00,1,0.01,GBPUSD,1.39114,1.39756,1.26085,2018.03.01 02:40,1.37507,16.07,to #81999734,20170909
81996814,2018.02.28 20:00,1,0.01,AUDUSD,0.77906,0.78257,0.70865,2018.03.01 15:41,0.77365,5.41,to #82012836,20170909
81996816,2018.02.28 20:00,1,0.03,USDJPY,106.721,107.198,97.202,2018.03.01 17:24,107.197,-13.32,IchimokuV1.0- short on USDJ[sl],20170909
81999734,2018.02.27 16:00,1,0.01,GBPUSD,1.39114,1.39756,1.26085,2018.03.01 15:42,1.37549,15.65,from #81990636,20170909
81999737,2018.02.26 20:00,0,0.01,USDCHF,0.93789,0.93422,1.01129,2018.03.01 15:42,0.94632,8.91,to #82012879,20170909
82000958,2018.02.28 00:00,1,0.01,AUDUSD,0.77862,0.78247,0.70162,2018.03.01 05:05,0.7728,5.82,to #82001884,20180112
82001035,2018.03.01 04:00,1,0.03,USDJPY,106.639,107.093,97.559,2018.03.01 17:20,107.093,-12.72,bbMacd - short 0.03 on USDJ[sl],20180112
82001884,2018.02.28 00:00,1,0.02,AUDUSD,0.77862,0.78247,0.70162,2018.03.01 14:56,0.77299,11.26,from #82000958,20180112
82011271,2018.02.27 21:00,1,0.01,GOLD,1318.13,1325.75,1165.1,2018.03.01 16:04,1309.75,8.38,to #82013746,20180112
82012836,2018.02.28 20:00,1,0.01,AUDUSD,0.77906,0.77906,0.70865,2018.03.01 16:04,0.7744,4.66,from #81996814,20170909
82012879,2018.02.26 20:00,0,0.01,USDCHF,0.93789,0.93422,1.01129,2018.03.01 16:03,0.94613,8.71,from #81999737,20170909
82013746,2018.02.27 21:00,1,0.01,GOLD,1318.13,1318.13,1165.1,2018.03.01 22:01,1318.1,0.03,from #82011271[sl],20180112
82025699,2018.03.02 00:00,1,0.04,USDJPY,106.211,106.691,96.611,2018.03.02 12:46,105.642,21.54,bbMacd - short 0.04 on USDJPY,20180112
82025700,2018.03.02 00:00,1,0.01,USDJPY,106.205,106.205,96.611,2018.03.02 13:51,105.401,7.63,to #82038682,20170909
82025701,2018.03.02 00:00,1,0.01,CADJPY,82.69,82.69,73.55,2018.03.02 15:55,81.987,6.66,to #82041741,20180112
82038682,2018.03.02 00:00,1,0.01,USDJPY,106.205,106.205,96.611,2018.03.02 15:15,105.41,7.54,to #82040623,20170909
